nombre_evento,url_evento,codigo_postal,direccion,horario,organizacion,inicio_evento,fin_evento
25º aniversario de la revista La Fragua,http://www.madrid.es/sites/v/index.jsp?vgnextchannel=ca9671ee4a9eb410VgnVCM100000171f5a0aRCRD&vgnextoid=1ea220bed10d4910VgnVCM2000001f4a900aRCRD,28005,CALLE SAN JUSTO 5,,Biblioteca Pública Municipal Iván de Vargas (Centro),2025-02-24,2025-03-02
A toda vela,http://www.madrid.es/sites/v/index.jsp?vgnextchannel=ca9671ee4a9eb410VgnVCM100000171f5a0aRCRD&vgnextoid=59d5e7da8b822910VgnVCM1000001d4a900aRCRD,28045,PLAZA LEGAZPI 8,,Matadero Madrid,2024-10-01,2025-06-01
Acompañamiento digital a personas mayores,http://www.madrid.es/sites/v/index.jsp?vgnextchannel=ca9671ee4a9eb410VgnVCM100000171f5a0aRCRD&vgnextoid=5b58d89ad2232910VgnVCM2000001f4a900aRCRD,,,,,2024-10-14,2025-06-30
Acompañar en la pérdida,http://www.madrid.es/sites/v/index.jsp?vgnextchannel=ca9671ee4a9eb410VgnVCM100000171f5a0aRCRD&vgnextoid=197023e4c84d3910VgnVCM2000001f4a900aRCRD,28029,AVENIDA MONFORTE DE LEMOS 38,17:00,Biblioteca Pública Municipal José Saramago (Fuencarral-El Pardo),2025-01-14,2025-06-17
Activas en compañía: gimnasia de mantenimiento,http://www.madrid.es/sites/v/index.jsp?vgnextchannel=ca9671ee4a9eb410VgnVCM100000171f5a0aRCRD&vgnextoid=f93102b68bf54910VgnVCM2000001f4a900aRCRD,28022,PLAZA EURIPIDES 1,12:00,Espacio de Igualdad Lucía Sánchez Saornil. San Blas-Canillejas,2025-01-13,2025-03-31
Actividades del Centro Cultural Casa del Reloj,http://www.madrid.es/sites/v/index.jsp?vgnextchannel=ca9671ee4a9eb410VgnVCM100000171f5a0aRCRD&vgnextoid=1df19c4490405910VgnVCM1000001d4a900aRCRD,28045,PASEO CHOPERA 6,,Centro Cultural Casa del Reloj (Arganzuela),2025-02-19,2025-03-13
Actividades mensuales de los centros de mayores del distrito Hortaleza,http://www.madrid.es/sites/v/index.jsp?vgnextchannel=ca9671ee4a9eb410VgnVCM100000171f5a0aRCRD&vgnextoid=315479485bdeb810VgnVCM1000001d4a900aRCRD,,,,,2024-02-01,2025-07-13
Amantes de las series,http://www.madrid.es/sites/v/index.jsp?vgnextchannel=ca9671ee4a9eb410VgnVCM100000171f5a0aRCRD&vgnextoid=fab111c60bad4910VgnVCM2000001f4a900aRCRD,28045,PASEO CHOPERA 10,17:30,Espacio de Igualdad Juana Doña. Arganzuela,2025-02-19,2025-03-12
Andrea Canepa «Wasi qaymi (Lugar y tacto)»,http://www.madrid.es/sites/v/index.jsp?vgnextchannel=ca9671ee4a9eb410VgnVCM100000171f5a0aRCRD&vgnextoid=45f102a2fa0e1910VgnVCM1000001d4a900aRCRD,28015,CALLE CONDE DUQUE 9,,Centro de Cultura Contemporánea Conde Duque,2025-02-28,2025-05-18
Apoyo a la autonomía,http://www.madrid.es/sites/v/index.jsp?vgnextchannel=ca9671ee4a9eb410VgnVCM100000171f5a0aRCRD&vgnextoid=1e67f7a45c701910VgnVCM1000001d4a900aRCRD,,,,,2024-09-13,2025-06-20
Artificios teatrales. La escena musical de los felices veinte,http://www.madrid.es/sites/v/index.jsp?vgnextchannel=ca9671ee4a9eb410VgnVCM100000171f5a0aRCRD&vgnextoid=6ed5f65f96c83910VgnVCM1000001d4a900aRCRD,28015,CALLE AMANIEL 29,,Centro Cultural Clara del Rey - Museo ABC (Centro),2024-10-16,2025-03-08
ArTrics - Laboratorio de Creación 2024/25,http://www.madrid.es/sites/v/index.jsp?vgnextchannel=ca9671ee4a9eb410VgnVCM100000171f5a0aRCRD&vgnextoid=7ae9c00a26e12910VgnVCM1000001d4a900aRCRD,,,,,2024-10-01,2025-07-31
Asalto a la lectura. Tres cerditos y más,http://www.madrid.es/sites/v/index.jsp?vgnextchannel=ca9671ee4a9eb410VgnVCM100000171f5a0aRCRD&vgnextoid=6aec3e3332fe4910VgnVCM1000001d4a900aRCRD,28015,CALLE AMANIEL 29,11:00,Centro Cultural Clara del Rey - Museo ABC (Centro),2025-03-01,2025-03-01
Asombro,http://www.madrid.es/sites/v/index.jsp?vgnextchannel=ca9671ee4a9eb410VgnVCM100000171f5a0aRCRD&vgnextoid=85b965d37f624910VgnVCM1000001d4a900aRCRD,28045,PLAZA LEGAZPI 8,,Matadero Madrid,2025-01-18,2025-03-23
Baile de Carnaval. Concierto de Origen,http://www.madrid.es/sites/v/index.jsp?vgnextchannel=ca9671ee4a9eb410VgnVCM100000171f5a0aRCRD&vgnextoid=1551fcf4aade4910VgnVCM2000001f4a900aRCRD,,,19:30,,2025-03-01,2025-03-01
Baile de Carnaval. Concierto de Versioneta,http://www.madrid.es/sites/v/index.jsp?vgnextchannel=ca9671ee4a9eb410VgnVCM100000171f5a0aRCRD&vgnextoid=ae02fcf4aade4910VgnVCM2000001f4a900aRCRD,,,21:15,,2025-03-01,2025-03-01
Baile de Mayores en Centro Cultural Almirante Churruca,http://www.madrid.es/sites/v/index.jsp?vgnextchannel=ca9671ee4a9eb410VgnVCM100000171f5a0aRCRD&vgnextoid=beaf2f9cb66d1610VgnVCM2000001f4a900aRCRD,28024,CALLE FUENTE DEL TIRO 72,16:30,Centro Sociocultural Almirante Churruca (Latina),2024-10-04,2025-06-27
Baile de Mayores en Centro Sociocultural El Greco,http://www.madrid.es/sites/v/index.jsp?vgnextchannel=ca9671ee4a9eb410VgnVCM100000171f5a0aRCRD&vgnextoid=77922f9cb66d1610VgnVCM2000001f4a900aRCRD,28011,CALLE EL GRECO 29,18:00,Centro Sociocultural El Greco (Latina),2024-10-03,2025-06-26
Beethoven. Del corazón al corazón,http://www.madrid.es/sites/v/index.jsp?vgnextchannel=ca9671ee4a9eb410VgnVCM100000171f5a0aRCRD&vgnextoid=3cd9168eeb173910VgnVCM1000001d4a900aRCRD,28014,CALLE ALAMEDA 15,,Espacio Cultural Serrería Belga,2024-12-03,2025-03-30
Biblioajedrez,http://www.madrid.es/sites/v/index.jsp?vgnextchannel=ca9671ee4a9eb410VgnVCM100000171f5a0aRCRD&vgnextoid=37340defdf5e1910VgnVCM2000001f4a900aRCRD,28024,CALLE GRANJA DE TORREHERMOSA 1,18:00,Biblioteca Pública Municipal Ángel González (Latina),2024-09-30,2025-05-26
Caminamos juntas,http://www.madrid.es/sites/v/index.jsp?vgnextchannel=ca9671ee4a9eb410VgnVCM100000171f5a0aRCRD&vgnextoid=a54e02b68bf54910VgnVCM2000001f4a900aRCRD,28022,PLAZA EURIPIDES 1,10:30,Espacio de Igualdad Lucía Sánchez Saornil. San Blas-Canillejas,2025-01-07,2025-03-25
Camino hacia la autonomía financiera,http://www.madrid.es/sites/v/index.jsp?vgnextchannel=ca9671ee4a9eb410VgnVCM100000171f5a0aRCRD&vgnextoid=8b24e4778bbc4910VgnVCM2000001f4a900aRCRD,28045,PASEO CHOPERA 10,10:30,Espacio de Igualdad Juana Doña. Arganzuela,2025-02-12,2025-03-05
Campamento de carnaval y fiestas del mundo,http://www.madrid.es/sites/v/index.jsp?vgnextchannel=ca9671ee4a9eb410VgnVCM100000171f5a0aRCRD&vgnextoid=c61c239147bd4910VgnVCM2000001f4a900aRCRD,28028,CALLE BOSTON 3,,Colegio Público Guindalera,2025-02-28,2025-03-03
Campamentos urbanos Días sin cole. Distrito San Blas - Canillejas,http://www.madrid.es/sites/v/index.jsp?vgnextchannel=ca9671ee4a9eb410VgnVCM100000171f5a0aRCRD&vgnextoid=7859110d84384910VgnVCM2000001f4a900aRCRD,28022,AVENIDA CANILLEJAS A VICALVARO 56,,Colegio Público Alberto Alcocer,2025-02-28,2025-03-03
Caperucita camina sola,http://www.madrid.es/sites/v/index.jsp?vgnextchannel=ca9671ee4a9eb410VgnVCM100000171f5a0aRCRD&vgnextoid=1166d242f8884910VgnVCM2000001f4a900aRCRD,,,,,2025-02-20,2025-03-09
Centro de Interpretación del Paisaje de la Luz,http://www.madrid.es/sites/v/index.jsp?vgnextchannel=ca9671ee4a9eb410VgnVCM100000171f5a0aRCRD&vgnextoid=842dc5eb8e915810VgnVCM1000001d4a900aRCRD,28014,PLAZA CIBELES 1,,CentroCentro,2022-12-14,2026-01-14
Centro de Mayores La Platanera. Concurso de Disfraces y Baile con Orquesta,http://www.madrid.es/sites/v/index.jsp?vgnextchannel=ca9671ee4a9eb410VgnVCM100000171f5a0aRCRD&vgnextoid=41f2ce6eb6ef4910VgnVCM1000001d4a900aRCRD,28021,CALLE CONCEPCION DE LA OLIVA 1,21:30,Centro Municipal de Mayores La Platanera,2025-03-01,2025-03-01
Centro de Mayores Nuestra Señora de los Ángeles. Concurso de disfraces y Baile con Orquesta,http://www.madrid.es/sites/v/index.jsp?vgnextchannel=ca9671ee4a9eb410VgnVCM100000171f5a0aRCRD&vgnextoid=f101ce6eb6ef4910VgnVCM1000001d4a900aRCRD,28041,CALLE ARAMA 1,21:30,Centro Municipal de Mayores Nuestra Señora de los Ángeles,2025-03-01,2025-03-01
Chatines. Club de lectura infantil,http://www.madrid.es/sites/v/index.jsp?vgnextchannel=ca9671ee4a9eb410VgnVCM100000171f5a0aRCRD&vgnextoid=146e23279fad4910VgnVCM1000001d4a900aRCRD,28036,CALLE MANUEL FERRERO 1,17:30,Biblioteca Pública Municipal Dámaso Alonso (Chamartín),2025-02-27,2025-06-19
Ciclismo por Madrid,http://www.madrid.es/sites/v/index.jsp?vgnextchannel=ca9671ee4a9eb410VgnVCM100000171f5a0aRCRD&vgnextoid=db40e3f0c91ea710VgnVCM2000001f4a900aRCRD,,,00:00,,2024-09-01,2025-06-30
Cine familiar,http://www.madrid.es/sites/v/index.jsp?vgnextchannel=ca9671ee4a9eb410VgnVCM100000171f5a0aRCRD&vgnextoid=d4fd2e979f0a0910VgnVCM2000001f4a900aRCRD,28045,PLAZA LEGAZPI 8,,Cineteca Madrid,2024-09-15,2025-06-29
Círculo de ciudadanos,http://www.madrid.es/sites/v/index.jsp?vgnextchannel=ca9671ee4a9eb410VgnVCM100000171f5a0aRCRD&vgnextoid=ba197bfae6da4910VgnVCM2000001f4a900aRCRD,28029,AVENIDA MONFORTE DE LEMOS 38,17:00,Biblioteca Pública Municipal José Saramago (Fuencarral-El Pardo),2025-02-11,2025-12-16
Club de lectura,http://www.madrid.es/sites/v/index.jsp?vgnextchannel=ca9671ee4a9eb410VgnVCM100000171f5a0aRCRD&vgnextoid=4b66106762794910VgnVCM1000001d4a900aRCRD,28037,CALLE SAN ROMAN DEL VALLE 8,11:00,Biblioteca Pública Municipal San Blas (San Blas-Canillejas),2024-09-25,2025-06-04
Club de lectura,http://www.madrid.es/sites/v/index.jsp?vgnextchannel=ca9671ee4a9eb410VgnVCM100000171f5a0aRCRD&vgnextoid=e1b3ae3a19a23910VgnVCM1000001d4a900aRCRD,28025,CALLE GENERAL RICARDOS 252,12:00,Biblioteca Pública Municipal La Chata (Carabanchel),2024-11-04,2025-06-16
Club de lectura,http://www.madrid.es/sites/v/index.jsp?vgnextchannel=ca9671ee4a9eb410VgnVCM100000171f5a0aRCRD&vgnextoid=a0fd177728c21910VgnVCM2000001f4a900aRCRD,28053,CALLE PUERTO DEL MONASTERIO 1,10:00,Biblioteca Pública Municipal Vallecas (Puente de Vallecas),2024-09-27,2025-06-13
Club de lectura de novela gráfica. Premios Nacionales de cómic,http://www.madrid.es/sites/v/index.jsp?vgnextchannel=ca9671ee4a9eb410VgnVCM100000171f5a0aRCRD&vgnextoid=f5210dae9a6da810VgnVCM2000001f4a900aRCRD,28039,CALLE FRANCOS RODRIGUEZ 67,14:45,Biblioteca Pública Municipal Manuel Vázquez Montalbán (Tetuán),2024-09-24,2025-05-27
Club de lectura en BPM María Zambrano,http://www.madrid.es/sites/v/index.jsp?vgnextchannel=ca9671ee4a9eb410VgnVCM100000171f5a0aRCRD&vgnextoid=f6dc84c649ef4910VgnVCM2000001f4a900aRCRD,28029,PLAZA DONOSO 5,11:00,Biblioteca Pública Municipal María Zambrano (Tetuán),2025-02-19,2025-06-25
Club de lectura en inglés 'Reading Club',http://www.madrid.es/sites/v/index.jsp?vgnextchannel=ca9671ee4a9eb410VgnVCM100000171f5a0aRCRD&vgnextoid=dc99b2481b1e1910VgnVCM2000001f4a900aRCRD,28002,CALLE MANTUANO 51,19:00,Biblioteca Pública Municipal Francisco Ibáñez (Chamartín),2024-10-08,2025-04-29
Club de lectura en inglés 'Reading Club',http://www.madrid.es/sites/v/index.jsp?vgnextchannel=ca9671ee4a9eb410VgnVCM100000171f5a0aRCRD&vgnextoid=64c2b01c7d402910VgnVCM1000001d4a900aRCRD,28005,CALLE SAN JUSTO 5,19:00,Biblioteca Pública Municipal Iván de Vargas (Centro),2024-10-08,2025-04-29
Club de lectura en inglés 'Reading Club',http://www.madrid.es/sites/v/index.jsp?vgnextchannel=ca9671ee4a9eb410VgnVCM100000171f5a0aRCRD&vgnextoid=4e37c32aae520910VgnVCM2000001f4a900aRCRD,28004,CALLE BARCELO 4,19:00,Biblioteca Pública Municipal Mario Vargas Llosa (Centro),2024-10-07,2025-04-28
Club de lectura en inglés 'Reading Club',http://www.madrid.es/sites/v/index.jsp?vgnextchannel=ca9671ee4a9eb410VgnVCM100000171f5a0aRCRD&vgnextoid=663cb2481b1e1910VgnVCM2000001f4a900aRCRD,28022,CALLE MARIA SEVILLA DIAGO 15,19:00,Biblioteca Pública Municipal José Hierro (San Blas-Canillejas),2024-10-08,2025-04-29
Club de lectura Naomi Klein,http://www.madrid.es/sites/v/index.jsp?vgnextchannel=ca9671ee4a9eb410VgnVCM100000171f5a0aRCRD&vgnextoid=342b3a03802e2910VgnVCM1000001d4a900aRCRD,28005,CALLE SAN JUSTO 5,19:00,Biblioteca Pública Municipal Iván de Vargas (Centro),2025-01-29,2025-05-28
Club de lectura 'Amigas de las letras'. Espacio de Igualdad Carme Chacón,http://www.madrid.es/sites/v/index.jsp?vgnextchannel=ca9671ee4a9eb410VgnVCM100000171f5a0aRCRD&vgnextoid=9da8470052eb2910VgnVCM2000001f4a900aRCRD,28043,CALLE MATAPOZUELOS 2,17:00,Espacio de Igualdad Carme Chacón. Hortaleza,2025-01-09,2025-03-27
Club de lectura 'Veinte deseos',http://www.madrid.es/sites/v/index.jsp?vgnextchannel=ca9671ee4a9eb410VgnVCM100000171f5a0aRCRD&vgnextoid=b75aa37147a02910VgnVCM2000001f4a900aRCRD,28022,CALLE MARIA SEVILLA DIAGO 15,19:00,Biblioteca Pública Municipal José Hierro (San Blas-Canillejas),2024-10-02,2025-06-25
Club de lectura (infantil),http://www.madrid.es/sites/v/index.jsp?vgnextchannel=ca9671ee4a9eb410VgnVCM100000171f5a0aRCRD&vgnextoid=0c4bf9ea99e61910VgnVCM2000001f4a900aRCRD,28028,AVENIDA TOREROS 5,18:00,Biblioteca Pública Municipal David Gistau (Salamanca),2024-09-30,2025-06-09
Club de lectura (infantil),http://www.madrid.es/sites/v/index.jsp?vgnextchannel=ca9671ee4a9eb410VgnVCM100000171f5a0aRCRD&vgnextoid=03cbf9ea99e61910VgnVCM2000001f4a900aRCRD,28050,CALLE PRINCESA DE EBOLI 29,18:00,Biblioteca Pública Municipal María Lejárraga (Hortaleza),2024-10-24,2025-06-19
Club de lectura (infantil),http://www.madrid.es/sites/v/index.jsp?vgnextchannel=ca9671ee4a9eb410VgnVCM100000171f5a0aRCRD&vgnextoid=6304ee4e073b2910VgnVCM1000001d4a900aRCRD,28041,AVENIDA SAN FERMIN 10,18:00,Biblioteca Pública Municipal San Fermín (Usera),2024-10-02,2025-06-18
Club de lectura. Retiro,http://www.madrid.es/sites/v/index.jsp?vgnextchannel=ca9671ee4a9eb410VgnVCM100000171f5a0aRCRD&vgnextoid=d5e34dbe8f624910VgnVCM2000001f4a900aRCRD,28007,PLAZA DAOIZ Y VELARDE 2,18:00,Centro Sociocultural Clara Campoamor (Retiro),2025-01-16,2025-05-29
Club de lectura: autoras africanas,http://www.madrid.es/sites/v/index.jsp?vgnextchannel=ca9671ee4a9eb410VgnVCM100000171f5a0aRCRD&vgnextoid=c278a6f664cb4910VgnVCM2000001f4a900aRCRD,28007,CALLE ARREGUI Y ARUEJ 31,17:30,Espacio de Igualdad Elena Arnedo Soriano. Retiro,2025-02-13,2025-03-27
Club de novela Negra 2024- 2025,http://www.madrid.es/sites/v/index.jsp?vgnextchannel=ca9671ee4a9eb410VgnVCM100000171f5a0aRCRD&vgnextoid=a1bec556bb451910VgnVCM2000001f4a900aRCRD,28001,CALLE GOYA 1,,Centro Cultural Emilia Pardo Bazán (Salamanca),2024-09-01,2025-06-30
Coder Dojo · Grupo de trabajo 2024-2025,http://www.madrid.es/sites/v/index.jsp?vgnextchannel=ca9671ee4a9eb410VgnVCM100000171f5a0aRCRD&vgnextoid=8c98b60f928d2910VgnVCM1000001d4a900aRCRD,28045,PASEO CHOPERA 14,,Medialab Matadero,2024-11-16,2025-07-26
Colección de ilustraciones Presente Continú0. Cosmo,http://www.madrid.es/sites/v/index.jsp?vgnextchannel=ca9671ee4a9eb410VgnVCM100000171f5a0aRCRD&vgnextoid=98e33e8ae27a4910VgnVCM1000001d4a900aRCRD,28045,PASEO CHOPERA 10,,Sala de exposiciones La Lonja. Centro Cultural Casa del Reloj (Arganzuela),2025-02-24,2025-03-15
Concurso de disfraces,http://www.madrid.es/sites/v/index.jsp?vgnextchannel=ca9671ee4a9eb410VgnVCM100000171f5a0aRCRD&vgnextoid=dc29318cb1405910VgnVCM2000001f4a900aRCRD,28015,CALLE GALILEO 39,,Centro Cultural Galileo (Chamberí),2025-03-02,2025-03-02
Conectores de la luz,http://www.madrid.es/sites/v/index.jsp?vgnextchannel=ca9671ee4a9eb410VgnVCM100000171f5a0aRCRD&vgnextoid=fae4ebbe36624910VgnVCM1000001d4a900aRCRD,28045,PLAZA LEGAZPI 8,,Matadero Madrid,2025-01-18,2025-03-23
Construimos herramientas para el empoderamiento,http://www.madrid.es/sites/v/index.jsp?vgnextchannel=ca9671ee4a9eb410VgnVCM100000171f5a0aRCRD&vgnextoid=d48ab1ed8d964910VgnVCM2000001f4a900aRCRD,28022,PLAZA EURIPIDES 1,18:15,Espacio de Igualdad Lucía Sánchez Saornil. San Blas-Canillejas,2025-01-08,2025-03-26
Correr por Madrid,http://www.madrid.es/sites/v/index.jsp?vgnextchannel=ca9671ee4a9eb410VgnVCM100000171f5a0aRCRD&vgnextoid=712a8daaa32d4710VgnVCM1000001d4a900aRCRD,,,00:00,,2024-09-01,2025-06-30
Cuatro historias de alquiler,http://www.madrid.es/sites/v/index.jsp?vgnextchannel=ca9671ee4a9eb410VgnVCM100000171f5a0aRCRD&vgnextoid=3171a8c219315910VgnVCM2000001f4a900aRCRD,28022,CALLE BOLTAÑA 27,19:00,Centro Cultural Buero Vallejo (San Blas - Canillejas),2025-03-01,2025-03-01
Cumpleaños,http://www.madrid.es/sites/v/index.jsp?vgnextchannel=ca9671ee4a9eb410VgnVCM100000171f5a0aRCRD&vgnextoid=ecfee2fc6e6c1910VgnVCM1000001d4a900aRCRD,28012,CALLE PRINCIPE 25,18:30,Teatro Español,2025-02-27,2025-03-09
Curso sobre la historia del Barrio del Pilar,http://www.madrid.es/sites/v/index.jsp?vgnextchannel=ca9671ee4a9eb410VgnVCM100000171f5a0aRCRD&vgnextoid=c826b7021b7b1910VgnVCM2000001f4a900aRCRD,28029,AVENIDA MONFORTE DE LEMOS 38,11:30,Biblioteca Pública Municipal José Saramago (Fuencarral-El Pardo),2024-10-14,2025-04-28
De Casa de Campo a Madrid Río I,http://www.madrid.es/sites/v/index.jsp?vgnextchannel=ca9671ee4a9eb410VgnVCM100000171f5a0aRCRD&vgnextoid=f213099c7c2d8810VgnVCM2000001f4a900aRCRD,28011,PARQUE CASA DE CAMPO (JUNTO AL EMBARCADERO DEL LAGO) ,11:00,Centro de Información y Educación Ambiental de Casa de Campo,2025-03-01,2025-03-01
Desfile con charanga y taller de máscaras,http://www.madrid.es/sites/v/index.jsp?vgnextchannel=ca9671ee4a9eb410VgnVCM100000171f5a0aRCRD&vgnextoid=1849318cb1405910VgnVCM2000001f4a900aRCRD,28015,CALLE GALILEO 39,,Centro Cultural Galileo (Chamberí),2025-03-02,2025-03-02
Días no lectivos 28 de febrero y 3 marzo. Campamento Urbano de Villaverde,http://www.madrid.es/sites/v/index.jsp?vgnextchannel=ca9671ee4a9eb410VgnVCM100000171f5a0aRCRD&vgnextoid=aae7755c2a384910VgnVCM2000001f4a900aRCRD,,,,,2025-02-28,2025-03-03
Días sin cole 28 de febrero y 3 de marzo 2025. Distrito de Chamartín,http://www.madrid.es/sites/v/index.jsp?vgnextchannel=ca9671ee4a9eb410VgnVCM100000171f5a0aRCRD&vgnextoid=2d85672756474910VgnVCM1000001d4a900aRCRD,,,,,2025-02-28,2025-03-03
Educación pública,http://www.madrid.es/sites/v/index.jsp?vgnextchannel=ca9671ee4a9eb410VgnVCM100000171f5a0aRCRD&vgnextoid=3b349c4490405910VgnVCM1000001d4a900aRCRD,28029,PLAZA DONOSO 5,,Biblioteca Pública Municipal María Zambrano (Tetuán),2025-02-17,2025-03-17
Ejercitando nuestro cuerpo,http://www.madrid.es/sites/v/index.jsp?vgnextchannel=ca9671ee4a9eb410VgnVCM100000171f5a0aRCRD&vgnextoid=603002b68bf54910VgnVCM2000001f4a900aRCRD,28022,PLAZA EURIPIDES 1,10:00,Espacio de Igualdad Lucía Sánchez Saornil. San Blas-Canillejas,2025-01-08,2025-03-26
El Bosque de los Recuerdos,http://www.madrid.es/sites/v/index.jsp?vgnextchannel=ca9671ee4a9eb410VgnVCM100000171f5a0aRCRD&vgnextoid=4eea2ed891ad4910VgnVCM2000001f4a900aRCRD,28029,PLAZA DONOSO 5,11:30,Biblioteca Pública Municipal María Zambrano (Tetuán),2025-02-26,2025-07-23
El Retiro a través de la música,http://www.madrid.es/sites/v/index.jsp?vgnextchannel=ca9671ee4a9eb410VgnVCM100000171f5a0aRCRD&vgnextoid=44d9c0b0864b1810VgnVCM2000001f4a900aRCRD,28009,PASEO FERNAN NUÑEZ 2,11:00,Centro de Información y Educación Ambiental de El Huerto de El Retiro,2025-03-01,2025-03-01
Empoderamiento y relax,http://www.madrid.es/sites/v/index.jsp?vgnextchannel=ca9671ee4a9eb410VgnVCM100000171f5a0aRCRD&vgnextoid=3713582a56f54910VgnVCM1000001d4a900aRCRD,28022,PLAZA EURIPIDES 1,10:00,Espacio de Igualdad Lucía Sánchez Saornil. San Blas-Canillejas,2025-01-08,2025-03-26
En calma. Taller de relajación,http://www.madrid.es/sites/v/index.jsp?vgnextchannel=ca9671ee4a9eb410VgnVCM100000171f5a0aRCRD&vgnextoid=a2c6aed50c190910VgnVCM1000001d4a900aRCRD,28043,CALLE MATAPOZUELOS 2,11:00,Espacio de Igualdad Carme Chacón. Hortaleza,2025-01-13,2025-04-28
En compañía de las letras,http://www.madrid.es/sites/v/index.jsp?vgnextchannel=ca9671ee4a9eb410VgnVCM100000171f5a0aRCRD&vgnextoid=383d2a21725d3910VgnVCM1000001d4a900aRCRD,28029,AVENIDA MONFORTE DE LEMOS 38,11:00,Biblioteca Pública Municipal José Saramago (Fuencarral-El Pardo),2025-01-31,2025-06-27
En la alcoba del Sultán,http://www.madrid.es/sites/v/index.jsp?vgnextchannel=ca9671ee4a9eb410VgnVCM100000171f5a0aRCRD&vgnextoid=3986d58d22984910VgnVCM1000001d4a900aRCRD,28045,PLAZA LEGAZPI 8,,Cineteca Madrid,2025-02-01,2025-03-08
Encyclopenglish,http://www.madrid.es/sites/v/index.jsp?vgnextchannel=ca9671ee4a9eb410VgnVCM100000171f5a0aRCRD&vgnextoid=22533544ae1b4910VgnVCM2000001f4a900aRCRD,28005,CALLE SAN JUSTO 5,19:00,Biblioteca Pública Municipal Iván de Vargas (Centro),2025-01-29,2025-06-25
Entierro de la sardina. Se acabó la fiesta,http://www.madrid.es/sites/v/index.jsp?vgnextchannel=ca9671ee4a9eb410VgnVCM100000171f5a0aRCRD&vgnextoid=134c7a0da9294910VgnVCM1000001d4a900aRCRD,28001,CALLE GOYA 1,,Centro Cultural Emilia Pardo Bazán (Salamanca),2025-02-21,2025-03-14
Escritura creativa en la Biblioteca Pío Baroja,http://www.madrid.es/sites/v/index.jsp?vgnextchannel=ca9671ee4a9eb410VgnVCM100000171f5a0aRCRD&vgnextoid=30405a33ba4e3910VgnVCM1000001d4a900aRCRD,28005,CALLE ARGANDA 12,11:00,Biblioteca Pública Municipal Pío Baroja (Arganzuela),2025-02-28,2025-03-21
Escritura creativa para mujeres: relatos y autorreflexión,http://www.madrid.es/sites/v/index.jsp?vgnextchannel=ca9671ee4a9eb410VgnVCM100000171f5a0aRCRD&vgnextoid=1b3823c4d617f810VgnVCM2000001f4a900aRCRD,28007,CALLE ARREGUI Y ARUEJ 31,18:00,Espacio de Igualdad Elena Arnedo Soriano. Retiro,2025-01-14,2025-06-24
Escritura emocional. Espacio de Igualdad Carme Chacón,http://www.madrid.es/sites/v/index.jsp?vgnextchannel=ca9671ee4a9eb410VgnVCM100000171f5a0aRCRD&vgnextoid=73b9470052eb2910VgnVCM2000001f4a900aRCRD,28043,CALLE MATAPOZUELOS 2,11:00,Espacio de Igualdad Carme Chacón. Hortaleza,2025-01-07,2025-04-29
Escuela de espectadores sénior,http://www.madrid.es/sites/v/index.jsp?vgnextchannel=ca9671ee4a9eb410VgnVCM100000171f5a0aRCRD&vgnextoid=06df85f1bda62910VgnVCM1000001d4a900aRCRD,28045,PASEO CHOPERA 14,,Nave 10 Matadero. Creación Dramática Contemporánea,2024-10-03,2025-06-25
Escuela de Teatro. Teatro Municipal de Vallecas,http://www.madrid.es/sites/v/index.jsp?vgnextchannel=ca9671ee4a9eb410VgnVCM100000171f5a0aRCRD&vgnextoid=43c50a3c214f3810VgnVCM2000001f4a900aRCRD,28031,CALLE PASO DE VILLAMANRIQUE 3,,Teatro Municipal de Vallecas,2024-09-01,2025-07-01
Espacio P.O.M 2024-25,http://www.madrid.es/sites/v/index.jsp?vgnextchannel=ca9671ee4a9eb410VgnVCM100000171f5a0aRCRD&vgnextoid=663e02a2fa0e1910VgnVCM1000001d4a900aRCRD,28015,CALLE CONDE DUQUE 9,,Centro de Cultura Contemporánea Conde Duque,2024-09-01,2025-05-31
"Espacios naturales españoles, guardianes de la biodiversidad",http://www.madrid.es/sites/v/index.jsp?vgnextchannel=ca9671ee4a9eb410VgnVCM100000171f5a0aRCRD&vgnextoid=fd4a29457e3e3910VgnVCM1000001d4a900aRCRD,28009,PASEO FERNAN NUÑEZ 2,10:00,Centro de Información y Educación Ambiental de El Huerto de El Retiro,2025-01-02,2025-03-30
Estrenos Cineteca,http://www.madrid.es/sites/v/index.jsp?vgnextchannel=ca9671ee4a9eb410VgnVCM100000171f5a0aRCRD&vgnextoid=0e63fc6a6f343910VgnVCM1000001d4a900aRCRD,28045,PLAZA LEGAZPI 8,,Cineteca Madrid,2024-09-05,2025-07-31
Explora y juega Matadero Madrid en Familia,http://www.madrid.es/sites/v/index.jsp?vgnextchannel=ca9671ee4a9eb410VgnVCM100000171f5a0aRCRD&vgnextoid=d7fff2d5c9662910VgnVCM1000001d4a900aRCRD,28045,PLAZA LEGAZPI 8,,Matadero Madrid,2024-10-05,2026-06-30
Exploradores de imágenes,http://www.madrid.es/sites/v/index.jsp?vgnextchannel=ca9671ee4a9eb410VgnVCM100000171f5a0aRCRD&vgnextoid=13c5e7da8b822910VgnVCM1000001d4a900aRCRD,28045,PLAZA LEGAZPI 8,,Matadero Madrid,2024-10-01,2025-06-01
Exposición de pintura: 'Evelyn contemporary art',http://www.madrid.es/sites/v/index.jsp?vgnextchannel=ca9671ee4a9eb410VgnVCM100000171f5a0aRCRD&vgnextoid=d4c4b89373232910VgnVCM1000001d4a900aRCRD,28049,Carretera M-607 Km 13 L-10 ,08:30,Centro Sociocultural Montecarmelo (Fuencarral - El Pardo),2025-02-02,2025-03-02
Exposición fotográfica: Fauna del entorno Meaques-Retamares,http://www.madrid.es/sites/v/index.jsp?vgnextchannel=ca9671ee4a9eb410VgnVCM100000171f5a0aRCRD&vgnextoid=d2b072b8d63e3910VgnVCM2000001f4a900aRCRD,28011,PARQUE CASA DE CAMPO (JUNTO AL EMBARCADERO DEL LAGO) ,10:00,Centro de Información y Educación Ambiental de Casa de Campo,2025-01-02,2025-03-30
Exposición pictórica 'Lina en el mundo de Paul Klee' por Alejandra Bonmatí Arnau,http://www.madrid.es/sites/v/index.jsp?vgnextchannel=ca9671ee4a9eb410VgnVCM100000171f5a0aRCRD&vgnextoid=e478ce5f1ccc4910VgnVCM2000001f4a900aRCRD,28029,AVENIDA MONFORTE DE LEMOS 38,08:30,Biblioteca Pública Municipal José Saramago (Fuencarral-El Pardo),2025-02-04,2025-03-25
Exposición - Hecho a mano,http://www.madrid.es/sites/v/index.jsp?vgnextchannel=ca9671ee4a9eb410VgnVCM100000171f5a0aRCRD&vgnextoid=66db531fddbc4910VgnVCM2000001f4a900aRCRD,28015,CALLE GALILEO 39,,Centro Cultural Galileo (Chamberí),2025-02-18,2025-03-01
Exposición: CLAIF. Biodiversidad de los universos: Cosmovisión Miskita,http://www.madrid.es/sites/v/index.jsp?vgnextchannel=ca9671ee4a9eb410VgnVCM100000171f5a0aRCRD&vgnextoid=2156bdd836ef4910VgnVCM2000001f4a900aRCRD,28002,CALLE MANTUANO 51,,Centro Cultural Nicolás Salmerón (Chamartín),2025-02-17,2025-03-03
"Exposición: Giovanni Perluigi da Palestrina, compositor renacentista de música sacra",http://www.madrid.es/sites/v/index.jsp?vgnextchannel=ca9671ee4a9eb410VgnVCM100000171f5a0aRCRD&vgnextoid=ba41e51b020e4910VgnVCM1000001d4a900aRCRD,28015,CALLE CONDE DUQUE 9,,Biblioteca Musical Víctor Espinós,2025-02-07,2025-03-31
Exposición: Onírica,http://www.madrid.es/sites/v/index.jsp?vgnextchannel=ca9671ee4a9eb410VgnVCM100000171f5a0aRCRD&vgnextoid=25ef33d971394910VgnVCM1000001d4a900aRCRD,28026,CALLE JULIO AGUIRRE 10,,Centro Sociocultural Cánovas del Castillo (Usera),2025-02-08,2025-03-08
Fabricantes de historias,http://www.madrid.es/sites/v/index.jsp?vgnextchannel=ca9671ee4a9eb410VgnVCM100000171f5a0aRCRD&vgnextoid=f71667b761044910VgnVCM1000001d4a900aRCRD,28045,PLAZA LEGAZPI 8,,Matadero Madrid,2025-01-25,2025-03-15
Fachadas de comercios centenarios,http://www.madrid.es/sites/v/index.jsp?vgnextchannel=ca9671ee4a9eb410VgnVCM100000171f5a0aRCRD&vgnextoid=eb2cb7a12d044910VgnVCM2000001f4a900aRCRD,28015,CALLE AMANIEL 29,,Centro Cultural Clara del Rey - Museo ABC (Centro),2025-01-11,2025-03-01
Falamos Português,http://www.madrid.es/sites/v/index.jsp?vgnextchannel=ca9671ee4a9eb410VgnVCM100000171f5a0aRCRD&vgnextoid=48c4948aceca4910VgnVCM1000001d4a900aRCRD,28029,AVENIDA MONFORTE DE LEMOS 38,18:00,Biblioteca Pública Municipal José Saramago (Fuencarral-El Pardo),2025-02-21,2025-06-20
Fiesta de carnaval en el Barrio del Aeropuerto,http://www.madrid.es/sites/v/index.jsp?vgnextchannel=ca9671ee4a9eb410VgnVCM100000171f5a0aRCRD&vgnextoid=f398b96cdd4f4910VgnVCM1000001d4a900aRCRD,,,18:00,,2025-03-01,2025-03-01
Fiesta de carnaval en la Plaza de Cristina Arce y Rocio Oña,http://www.madrid.es/sites/v/index.jsp?vgnextchannel=ca9671ee4a9eb410VgnVCM100000171f5a0aRCRD&vgnextoid=d0f776ba794f4910VgnVCM1000001d4a900aRCRD,,,18:00,,2025-03-01,2025-03-01
Fuentesal Arenillas e Itziar Okariz «CARRUSEL»,http://www.madrid.es/sites/v/index.jsp?vgnextchannel=ca9671ee4a9eb410VgnVCM100000171f5a0aRCRD&vgnextoid=9ec102a2fa0e1910VgnVCM1000001d4a900aRCRD,28015,CALLE CONDE DUQUE 9,,Centro de Cultura Contemporánea Conde Duque,2025-02-27,2025-05-18
Gala Internacional de Magia en Escena,http://www.madrid.es/sites/v/index.jsp?vgnextchannel=ca9671ee4a9eb410VgnVCM100000171f5a0aRCRD&vgnextoid=a2c01d17620b3910VgnVCM1000001d4a900aRCRD,28012,RONDA ATOCHA 35,,Teatro Circo Price,2025-02-12,2025-03-09
"Ganchillo, punto o lo que queramos",http://www.madrid.es/sites/v/index.jsp?vgnextchannel=ca9671ee4a9eb410VgnVCM100000171f5a0aRCRD&vgnextoid=fff5499d1fc63910VgnVCM1000001d4a900aRCRD,28043,CALLE MATAPOZUELOS 2,11:00,Espacio de Igualdad Carme Chacón. Hortaleza,2025-01-07,2025-04-29
Grupo autónomo de Wikipedia,http://www.madrid.es/sites/v/index.jsp?vgnextchannel=ca9671ee4a9eb410VgnVCM100000171f5a0aRCRD&vgnextoid=e4f04d15a5664910VgnVCM2000001f4a900aRCRD,28039,CALLE BRAVO MURILLO 133,11:00,Espacio de Igualdad Hermanas Mirabal. Tetuán,2025-01-09,2025-03-27
Héctor Serrano,http://www.madrid.es/sites/v/index.jsp?vgnextchannel=ca9671ee4a9eb410VgnVCM100000171f5a0aRCRD&vgnextoid=2b1fba93a70e4910VgnVCM1000001d4a900aRCRD,28045,PLAZA LEGAZPI 8,,Matadero Madrid,2025-02-27,2025-03-30
Historia de una escalera,http://www.madrid.es/sites/v/index.jsp?vgnextchannel=ca9671ee4a9eb410VgnVCM100000171f5a0aRCRD&vgnextoid=22bee2fc6e6c1910VgnVCM1000001d4a900aRCRD,28012,CALLE PRINCIPE 25,19:00,Teatro Español,2025-01-24,2025-03-30
Informática nivel intermedio,http://www.madrid.es/sites/v/index.jsp?vgnextchannel=ca9671ee4a9eb410VgnVCM100000171f5a0aRCRD&vgnextoid=9f01d88f2de54910VgnVCM1000001d4a900aRCRD,28022,PLAZA EURIPIDES 1,10:30,Espacio de Igualdad Lucía Sánchez Saornil. San Blas-Canillejas,2025-01-13,2025-03-31
Iniciación a la informática,http://www.madrid.es/sites/v/index.jsp?vgnextchannel=ca9671ee4a9eb410VgnVCM100000171f5a0aRCRD&vgnextoid=9203d88f2de54910VgnVCM1000001d4a900aRCRD,28022,PLAZA EURIPIDES 1,10:30,Espacio de Igualdad Lucía Sánchez Saornil. San Blas-Canillejas,2025-01-13,2025-03-31
Intercambio de libros,http://www.madrid.es/sites/v/index.jsp?vgnextchannel=ca9671ee4a9eb410VgnVCM100000171f5a0aRCRD&vgnextoid=f8f98dcd6abd1910VgnVCM1000001d4a900aRCRD,28042,CALLE BOTICA 7,,Centro Cultural - Centro Socio Cultural Villa de Barajas,2024-09-30,2025-09-28
INVICTUS. El deporte madrileño a través de sus trofeos,http://www.madrid.es/sites/v/index.jsp?vgnextchannel=ca9671ee4a9eb410VgnVCM100000171f5a0aRCRD&vgnextoid=880148eed77b4910VgnVCM2000001f4a900aRCRD,28004,CALLE FUENCARRAL 78,10:00,Museo de Historia de Madrid,2025-01-30,2025-04-27
It from bit,http://www.madrid.es/sites/v/index.jsp?vgnextchannel=ca9671ee4a9eb410VgnVCM100000171f5a0aRCRD&vgnextoid=f4f03e86bd0d2910VgnVCM1000001d4a900aRCRD,28045,PLAZA LEGAZPI 8,,Matadero Madrid,2024-12-05,2025-03-09
Itinerario Ornitológico Parque Emperatriz María de Austria,http://www.madrid.es/sites/v/index.jsp?vgnextchannel=ca9671ee4a9eb410VgnVCM100000171f5a0aRCRD&vgnextoid=af9fc2fff9aac810VgnVCM1000001d4a900aRCRD,,,09:00,,2025-03-01,2025-03-01
IX Muestra de Orfebrería Contemporánea,http://www.madrid.es/sites/v/index.jsp?vgnextchannel=ca9671ee4a9eb410VgnVCM100000171f5a0aRCRD&vgnextoid=33f41b63dd81b810VgnVCM1000001d4a900aRCRD,28012,CALLE CONCEPCION JERONIMA 15,14:00,Imprenta Municipal - Artes del libro,2025-01-28,2025-03-23
IX Muestra Orfebrería Contemporánea,http://www.madrid.es/sites/v/index.jsp?vgnextchannel=ca9671ee4a9eb410VgnVCM100000171f5a0aRCRD&vgnextoid=9c329b6c617b4910VgnVCM1000001d4a900aRCRD,28015,CALLE CONDE DUQUE 9,11:00,Museo de Arte Contemporáneo de Madrid,2025-02-05,2025-03-23
Jornadas de filosofía. La mirada de la lechuza,http://www.madrid.es/sites/v/index.jsp?vgnextchannel=ca9671ee4a9eb410VgnVCM100000171f5a0aRCRD&vgnextoid=1705e01f5be02910VgnVCM2000001f4a900aRCRD,28037,CALLE SAN ROMAN DEL VALLE 8,,Centro Cultural Antonio Machado (San Blas - Canillejas),2024-10-03,2025-06-26
La construcción de Casa del Lector,http://www.madrid.es/sites/v/index.jsp?vgnextchannel=ca9671ee4a9eb410VgnVCM100000171f5a0aRCRD&vgnextoid=ab7ffa7acf152910VgnVCM1000001d4a900aRCRD,28045,PLAZA LEGAZPI 8,,Matadero Madrid,2024-10-24,2025-06-01
La Leyenda del Titanic,http://www.madrid.es/sites/v/index.jsp?vgnextchannel=ca9671ee4a9eb410VgnVCM100000171f5a0aRCRD&vgnextoid=5ef58c83603a0910VgnVCM1000001d4a900aRCRD,28045,PLAZA LEGAZPI 8,,Matadero Madrid,2024-09-12,2025-07-31
La señorita de Trévelez,http://www.madrid.es/sites/v/index.jsp?vgnextchannel=ca9671ee4a9eb410VgnVCM100000171f5a0aRCRD&vgnextoid=2f9fb0f8cebe1910VgnVCM1000001d4a900aRCRD,28001,PLAZA COLON 4,,Fernán Gómez Centro Cultural de la Villa,2025-02-16,2025-04-20
Laboratorio de Técnicas de Estudio y Clases de Apoyo Escolar,http://www.madrid.es/sites/v/index.jsp?vgnextchannel=ca9671ee4a9eb410VgnVCM100000171f5a0aRCRD&vgnextoid=912ed305de902910VgnVCM2000001f4a900aRCRD,28021,ACCESO COLONIA MARCONI 4,18:00,Centro Sociocultural Marconi (Villaverde),2024-10-07,2025-04-28
Laboratorio infantil: Preparando el Carnaval,http://www.madrid.es/sites/v/index.jsp?vgnextchannel=ca9671ee4a9eb410VgnVCM100000171f5a0aRCRD&vgnextoid=a00f434865fd4910VgnVCM2000001f4a900aRCRD,28049,Carretera M-607 Km 13 L-10 ,17:00,Centro Sociocultural Montecarmelo (Fuencarral - El Pardo),2025-02-22,2025-03-01
Laboratorios ciudadanos: Rescatando la memoria de la Dehesa de la Villa,http://www.madrid.es/sites/v/index.jsp?vgnextchannel=ca9671ee4a9eb410VgnVCM100000171f5a0aRCRD&vgnextoid=0825a2fa9a3e3910VgnVCM1000001d4a900aRCRD,,,10:00,Centro de Información y Educación Ambiental de Dehesa de la Villa,2025-02-01,2025-03-30
Las escénicas: taller de teatro para el empoderamiento femenino,http://www.madrid.es/sites/v/index.jsp?vgnextchannel=ca9671ee4a9eb410VgnVCM100000171f5a0aRCRD&vgnextoid=434f02b68bf54910VgnVCM2000001f4a900aRCRD,28022,PLAZA EURIPIDES 1,16:30,Espacio de Igualdad Lucía Sánchez Saornil. San Blas-Canillejas,2025-01-08,2025-03-26
"Lectura de textos dramáticos traducidos, por Entre Bambalíneas",http://www.madrid.es/sites/v/index.jsp?vgnextchannel=ca9671ee4a9eb410VgnVCM100000171f5a0aRCRD&vgnextoid=1ac9ec15205d3910VgnVCM2000001f4a900aRCRD,28004,CALLE BARCELO 4,17:30,Biblioteca Pública Municipal Mario Vargas Llosa (Centro),2025-01-24,2025-06-20
Libres y Seguras. Autodefensa feminista en el Espacio de Igualdad Lourdes Hernández,http://www.madrid.es/sites/v/index.jsp?vgnextchannel=ca9671ee4a9eb410VgnVCM100000171f5a0aRCRD&vgnextoid=90fe82449be9e810VgnVCM1000001d4a900aRCRD,28019,CALLE COMANDANTE FONTANES 8,18:00,Espacio de Igualdad Lourdes Hernández. Carabanchel,2025-01-23,2025-06-26
Literatura con nombre de mujer: Club de lectura.,http://www.madrid.es/sites/v/index.jsp?vgnextchannel=ca9671ee4a9eb410VgnVCM100000171f5a0aRCRD&vgnextoid=07773d9181f54910VgnVCM1000001d4a900aRCRD,28022,PLAZA EURIPIDES 1,10:00,Espacio de Igualdad Lucía Sánchez Saornil. San Blas-Canillejas,2025-01-09,2025-03-28
"Los malestares de Lucía, los malestares de todas",http://www.madrid.es/sites/v/index.jsp?vgnextchannel=ca9671ee4a9eb410VgnVCM100000171f5a0aRCRD&vgnextoid=82bfb1ed8d964910VgnVCM2000001f4a900aRCRD,28022,PLAZA EURIPIDES 1,12:00,Espacio de Igualdad Lucía Sánchez Saornil. San Blas-Canillejas,2025-01-09,2025-03-27
Los Secretos del Capricho: público familiar,http://www.madrid.es/sites/v/index.jsp?vgnextchannel=ca9671ee4a9eb410VgnVCM100000171f5a0aRCRD&vgnextoid=4bca9ad065bac810VgnVCM1000001d4a900aRCRD,,,10:30,,2025-03-01,2025-03-01
Ludoteca en Centro Cultural  Miguel Hernández,http://www.madrid.es/sites/v/index.jsp?vgnextchannel=ca9671ee4a9eb410VgnVCM100000171f5a0aRCRD&vgnextoid=424529ae67e9e810VgnVCM2000001f4a900aRCRD,28044,CALLE SERRADILLA 13,,Centro Cultural Miguel Hernández (Latina),2024-10-04,2025-06-28
Ludoteca en Centro Cultural Fernando de los Ríos,http://www.madrid.es/sites/v/index.jsp?vgnextchannel=ca9671ee4a9eb410VgnVCM100000171f5a0aRCRD&vgnextoid=c62cdfaf0ae9e810VgnVCM2000001f4a900aRCRD,28047,CALLE CAMARENA 10,,Centro Cultural Fernando de los Ríos (Latina),2024-10-04,2025-06-28
Ludoteca en Centro Cultural José Luis Sampedro,http://www.madrid.es/sites/v/index.jsp?vgnextchannel=ca9671ee4a9eb410VgnVCM100000171f5a0aRCRD&vgnextoid=88f129ae67e9e810VgnVCM2000001f4a900aRCRD,28047,CALLE CASTROSERNA 4,,Centro Cultural José Luis Sampedro (Latina),2024-10-04,2025-06-28
Ludoteca en Centro Cultural Sara Montiel,http://www.madrid.es/sites/v/index.jsp?vgnextchannel=ca9671ee4a9eb410VgnVCM100000171f5a0aRCRD&vgnextoid=4f9000e8cdd9e810VgnVCM2000001f4a900aRCRD,28024,CARRETERA BOADILLA DEL MONTE 40,,Centro Cultural Sara Montiel (Latina),2024-10-04,2025-06-28
Ludoteca en Centro Sociocultural Almirante Churruca,http://www.madrid.es/sites/v/index.jsp?vgnextchannel=ca9671ee4a9eb410VgnVCM100000171f5a0aRCRD&vgnextoid=eb0e29ae67e9e810VgnVCM2000001f4a900aRCRD,28024,CALLE FUENTE DEL TIRO 72,,Centro Sociocultural Almirante Churruca (Latina),2024-10-04,2025-06-28
Ludoteca en Centro Sociocultural El Greco,http://www.madrid.es/sites/v/index.jsp?vgnextchannel=ca9671ee4a9eb410VgnVCM100000171f5a0aRCRD&vgnextoid=4a5029ae67e9e810VgnVCM2000001f4a900aRCRD,28011,CALLE EL GRECO 29,,Centro Sociocultural El Greco (Latina),2024-10-04,2025-06-28
Ludoteca en Centro Sociocultural Rosario Acuña,http://www.madrid.es/sites/v/index.jsp?vgnextchannel=ca9671ee4a9eb410VgnVCM100000171f5a0aRCRD&vgnextoid=109ddfaf0ae9e810VgnVCM2000001f4a900aRCRD,28011,CALLE MARIA DEL CARMEN 65,,Centro Sociocultural Rosario de Acuña (Latina),2024-10-05,2025-06-28
Ludoteca en la Biblioteca Ángel González,http://www.madrid.es/sites/v/index.jsp?vgnextchannel=ca9671ee4a9eb410VgnVCM100000171f5a0aRCRD&vgnextoid=50a99392d9f94810VgnVCM1000001d4a900aRCRD,28024,CALLE GRANJA DE TORREHERMOSA 1,09:30,Biblioteca Pública Municipal Ángel González (Latina),2024-09-14,2025-05-31
Ludotecas en Centro Sociocultural Latina,http://www.madrid.es/sites/v/index.jsp?vgnextchannel=ca9671ee4a9eb410VgnVCM100000171f5a0aRCRD&vgnextoid=59c61197cb41f810VgnVCM1000001d4a900aRCRD,,,,,2024-10-05,2025-06-28
Madrid Monumental: Antonio Palacios,http://www.madrid.es/sites/v/index.jsp?vgnextchannel=ca9671ee4a9eb410VgnVCM100000171f5a0aRCRD&vgnextoid=d432e1f659714910VgnVCM2000001f4a900aRCRD,28015,CALLE CONDE DUQUE 11,18:30,Hemeroteca Municipal,2025-01-23,2025-12-31
Madrileñas Ilustres: Rosario de Acuña (1850-1923),http://www.madrid.es/sites/v/index.jsp?vgnextchannel=ca9671ee4a9eb410VgnVCM100000171f5a0aRCRD&vgnextoid=a77f8f6c914d3910VgnVCM1000001d4a900aRCRD,28015,CALLE CONDE DUQUE 9,,Biblioteca Histórica Municipal,2024-12-13,2025-06-30
"Marconi. Pasacalles, Concurso de Disfraces y Orquesta",http://www.madrid.es/sites/v/index.jsp?vgnextchannel=ca9671ee4a9eb410VgnVCM100000171f5a0aRCRD&vgnextoid=7f152e655eaf4910VgnVCM1000001d4a900aRCRD,28021,ACCESO COLONIA MARCONI 4,18:00,Centro Sociocultural Marconi (Villaverde),2025-03-01,2025-03-01
Martes de estiramientos,http://www.madrid.es/sites/v/index.jsp?vgnextchannel=ca9671ee4a9eb410VgnVCM100000171f5a0aRCRD&vgnextoid=92b5811002304910VgnVCM1000001d4a900aRCRD,28007,CALLE ARREGUI Y ARUEJ 31,10:00,Espacio de Igualdad Elena Arnedo Soriano. Retiro,2025-01-14,2025-04-22
Máscaras mágicas,http://www.madrid.es/sites/v/index.jsp?vgnextchannel=ca9671ee4a9eb410VgnVCM100000171f5a0aRCRD&vgnextoid=fe2e87330c444910VgnVCM1000001d4a900aRCRD,28045,PLAZA LEGAZPI 8,,Matadero Madrid,2025-02-01,2025-04-05
Masterclass de Dirección de Fotografía en Rodaje,http://www.madrid.es/sites/v/index.jsp?vgnextchannel=ca9671ee4a9eb410VgnVCM100000171f5a0aRCRD&vgnextoid=0ba3123450bc4910VgnVCM1000001d4a900aRCRD,,,16:00,,2025-02-11,2025-03-07
Me estiro y no me estreso,http://www.madrid.es/sites/v/index.jsp?vgnextchannel=ca9671ee4a9eb410VgnVCM100000171f5a0aRCRD&vgnextoid=609a54036fb1d810VgnVCM1000001d4a900aRCRD,28043,CALLE MATAPOZUELOS 2,18:00,Espacio de Igualdad Carme Chacón. Hortaleza,2025-01-08,2025-04-30
Meditación Vipassana,http://www.madrid.es/sites/v/index.jsp?vgnextchannel=ca9671ee4a9eb410VgnVCM100000171f5a0aRCRD&vgnextoid=50231f760e2b1910VgnVCM2000001f4a900aRCRD,,,09:45,,2024-09-18,2025-06-18
Mermelhada - El Retablo (Madrid),http://www.madrid.es/sites/v/index.jsp?vgnextchannel=ca9671ee4a9eb410VgnVCM100000171f5a0aRCRD&vgnextoid=4db1d242f8884910VgnVCM2000001f4a900aRCRD,28009,AVENIDA MÉXICO 4,,Teatro Municipal de Títeres. Parque de El Retiro,2025-03-01,2025-03-02
Murdle,http://www.madrid.es/sites/v/index.jsp?vgnextchannel=ca9671ee4a9eb410VgnVCM100000171f5a0aRCRD&vgnextoid=05937d994a115910VgnVCM1000001d4a900aRCRD,28045,PLAZA LEGAZPI 8,17:00,Matadero Madrid,2025-03-01,2025-03-01
Natacha,http://www.madrid.es/sites/v/index.jsp?vgnextchannel=ca9671ee4a9eb410VgnVCM100000171f5a0aRCRD&vgnextoid=abeee2fc6e6c1910VgnVCM1000001d4a900aRCRD,28012,CALLE PRINCIPE 25,19:30,Teatro Español,2025-02-11,2025-03-30
Nerium Park,http://www.madrid.es/sites/v/index.jsp?vgnextchannel=ca9671ee4a9eb410VgnVCM100000171f5a0aRCRD&vgnextoid=40029f45bf9e1910VgnVCM1000001d4a900aRCRD,28045,PASEO CHOPERA 14,19:30,Nave 10 Matadero. Creación Dramática Contemporánea,2025-02-27,2025-03-23
Nosotras creamos mundo,http://www.madrid.es/sites/v/index.jsp?vgnextchannel=ca9671ee4a9eb410VgnVCM100000171f5a0aRCRD&vgnextoid=c8d733d971394910VgnVCM1000001d4a900aRCRD,28041,CALLE ESTAFETA 33,12:00,Centro Sociocultural San Fermín (Usera),2025-03-01,2025-03-01
Nuestros lugares en el barrio [Mujeres Compartiendo Sabiduría],http://www.madrid.es/sites/v/index.jsp?vgnextchannel=ca9671ee4a9eb410VgnVCM100000171f5a0aRCRD&vgnextoid=a3a1aff289ed2910VgnVCM2000001f4a900aRCRD,28022,PLAZA EURIPIDES 1,10:30,Espacio de Igualdad Lucía Sánchez Saornil. San Blas-Canillejas,2025-01-09,2025-03-27
Orfebres en Madrid. IX Muestra de Orfebrería Contemporánea,http://www.madrid.es/sites/v/index.jsp?vgnextchannel=ca9671ee4a9eb410VgnVCM100000171f5a0aRCRD&vgnextoid=2fdcb4e35c6b4910VgnVCM2000001f4a900aRCRD,28004,CALLE FUENCARRAL 78,10:00,Museo de Historia de Madrid,2025-02-05,2025-03-23
Palabras imaginadas. Lectura gráfica,http://www.madrid.es/sites/v/index.jsp?vgnextchannel=ca9671ee4a9eb410VgnVCM100000171f5a0aRCRD&vgnextoid=044d15be70332910VgnVCM1000001d4a900aRCRD,28045,PLAZA LEGAZPI 8,,Matadero Madrid,2024-10-16,2025-03-09
Parkour por Madrid,http://www.madrid.es/sites/v/index.jsp?vgnextchannel=ca9671ee4a9eb410VgnVCM100000171f5a0aRCRD&vgnextoid=56b10f40cb9d0910VgnVCM2000001f4a900aRCRD,28021,PASEO PLATA Y CASTAÑAR 7,00:00,Centro Deportivo Municipal Plata y Castañar,2024-09-01,2025-06-30
Pasarela Brasil Fashion Madrid III Edición,http://www.madrid.es/sites/v/index.jsp?vgnextchannel=ca9671ee4a9eb410VgnVCM100000171f5a0aRCRD&vgnextoid=e0a80089de4f4910VgnVCM2000001f4a900aRCRD,28009,PASEO FERNÁN NÚÑEZ 24,,Biblioteca Pública Municipal Eugenio Trías. Casa de Fieras de El Retiro (Retiro),2025-02-10,2025-03-16
Piragüismo por Madrid,http://www.madrid.es/sites/v/index.jsp?vgnextchannel=ca9671ee4a9eb410VgnVCM100000171f5a0aRCRD&vgnextoid=6a73b16daa0b2810VgnVCM1000001d4a900aRCRD,28042,"GLORIETA S.A.R. DON JUAN DE BORBON Y BATTEMBERG, 5 5",00:00,Parque Juan Carlos I,2024-09-01,2025-07-31
Podcast: Escuchemos las voces de las mujeres,http://www.madrid.es/sites/v/index.jsp?vgnextchannel=ca9671ee4a9eb410VgnVCM100000171f5a0aRCRD&vgnextoid=85a7811002304910VgnVCM1000001d4a900aRCRD,28007,CALLE ARREGUI Y ARUEJ 31,17:00,Espacio de Igualdad Elena Arnedo Soriano. Retiro,2025-01-23,2025-06-12
Punto de intercambio de libros gratuito,http://www.madrid.es/sites/v/index.jsp?vgnextchannel=ca9671ee4a9eb410VgnVCM100000171f5a0aRCRD&vgnextoid=a002ee1131644910VgnVCM1000001d4a900aRCRD,28042,PLAZA NAVIO 4,,Centro Sociocultural Teresa de Calcuta (Barajas),2025-01-01,2033-01-31
Puntos de intercambio gratuitos de libros en los Centros Culturales de Barajas,http://www.madrid.es/sites/v/index.jsp?vgnextchannel=ca9671ee4a9eb410VgnVCM100000171f5a0aRCRD&vgnextoid=809e3ec8f3237810VgnVCM1000001d4a900aRCRD,,,,,2023-04-10,2029-06-30
Reinforce English,http://www.madrid.es/sites/v/index.jsp?vgnextchannel=ca9671ee4a9eb410VgnVCM100000171f5a0aRCRD&vgnextoid=8fa7c406a51b4910VgnVCM2000001f4a900aRCRD,28005,CALLE SAN JUSTO 5,18:00,Biblioteca Pública Municipal Iván de Vargas (Centro),2025-01-29,2025-06-25
Repair Café Madrid 2024-25,http://www.madrid.es/sites/v/index.jsp?vgnextchannel=ca9671ee4a9eb410VgnVCM100000171f5a0aRCRD&vgnextoid=87e6a32fa9322910VgnVCM1000001d4a900aRCRD,28045,PASEO CHOPERA 14,18:00,Medialab en Matadero. Matadero Madrid,2024-09-28,2025-07-26
RESIDENCIAS ARTÍSTICAS LIVING MUSEUM 2024-25,http://www.madrid.es/sites/v/index.jsp?vgnextchannel=ca9671ee4a9eb410VgnVCM100000171f5a0aRCRD&vgnextoid=bf64250baf992910VgnVCM1000001d4a900aRCRD,28015,CALLE CONDE DUQUE 9,,Centro de Cultura Contemporánea Conde Duque,2024-10-01,2025-05-25
Retrato de la Mujer en Ciencia:  ilustrando la historia de científicas y sus  descubrimientos,http://www.madrid.es/sites/v/index.jsp?vgnextchannel=ca9671ee4a9eb410VgnVCM100000171f5a0aRCRD&vgnextoid=e1f1a8c219315910VgnVCM2000001f4a900aRCRD,28022,CALLE BOLTAÑA 27,,Centro Cultural Buero Vallejo (San Blas - Canillejas),2025-03-01,2025-03-31
Revelar: Descubriendo lo ignorado.,http://www.madrid.es/sites/v/index.jsp?vgnextchannel=ca9671ee4a9eb410VgnVCM100000171f5a0aRCRD&vgnextoid=51739c4490405910VgnVCM1000001d4a900aRCRD,28045,PASEO CHOPERA 6,,Centro Cultural Casa del Reloj (Arganzuela),2025-02-19,2025-03-13
Revista Afal. Pequeña y libre,http://www.madrid.es/sites/v/index.jsp?vgnextchannel=ca9671ee4a9eb410VgnVCM100000171f5a0aRCRD&vgnextoid=eed9ea6b993d3910VgnVCM1000001d4a900aRCRD,28014,CALLE ALAMEDA 15,,Espacio Cultural Serrería Belga,2024-12-18,2025-03-30
Ritmos Latinos y Bailes Americanos (Nivel Medio). Jornadas gratuitas,http://www.madrid.es/sites/v/index.jsp?vgnextchannel=ca9671ee4a9eb410VgnVCM100000171f5a0aRCRD&vgnextoid=5f96e01f5be02910VgnVCM2000001f4a900aRCRD,28037,CALLE SAN ROMAN DEL VALLE 8,,Centro Cultural Antonio Machado (San Blas - Canillejas),2024-10-04,2025-06-27
Roberta González. Una pequeña colección madrileña.,http://www.madrid.es/sites/v/index.jsp?vgnextchannel=ca9671ee4a9eb410VgnVCM100000171f5a0aRCRD&vgnextoid=94b9e2e286ada810VgnVCM1000001d4a900aRCRD,28015,CALLE CONDE DUQUE 9,12:00,Museo de Arte Contemporáneo de Madrid,2023-10-05,2025-05-04
Rutas Medioambientales Invierno 2025 - Distrito de Villaverde,http://www.madrid.es/sites/v/index.jsp?vgnextchannel=ca9671ee4a9eb410VgnVCM100000171f5a0aRCRD&vgnextoid=5230dca2f3964910VgnVCM1000001d4a900aRCRD,,,,,2025-01-19,2025-03-16
San Cristóbal de los Ángeles. Concurso de Disfraces y Baile con Orquesta,http://www.madrid.es/sites/v/index.jsp?vgnextchannel=ca9671ee4a9eb410VgnVCM100000171f5a0aRCRD&vgnextoid=1e752e655eaf4910VgnVCM1000001d4a900aRCRD,,,21:30,,2025-03-01,2025-03-01
Sanando y aceptándonos en colectividad,http://www.madrid.es/sites/v/index.jsp?vgnextchannel=ca9671ee4a9eb410VgnVCM100000171f5a0aRCRD&vgnextoid=31bcb1ed8d964910VgnVCM2000001f4a900aRCRD,28022,PLAZA EURIPIDES 1,18:30,Espacio de Igualdad Lucía Sánchez Saornil. San Blas-Canillejas,2025-01-13,2025-03-31
"Senderismo urbano. Emilia Pardo Bazán: mujer en la cultura, reto y naturaleza.",http://www.madrid.es/sites/v/index.jsp?vgnextchannel=ca9671ee4a9eb410VgnVCM100000171f5a0aRCRD&vgnextoid=2660c9a484315910VgnVCM1000001d4a900aRCRD,,,11:00,Centro de Información y Educación Ambiental de Dehesa de la Villa,2025-03-01,2025-03-01
Sinfonía en clave de MAC. Obras maestras del Museo de Arte Contemporáneo,http://www.madrid.es/sites/v/index.jsp?vgnextchannel=ca9671ee4a9eb410VgnVCM100000171f5a0aRCRD&vgnextoid=a193a1fda6773910VgnVCM2000001f4a900aRCRD,28015,CALLE CONDE DUQUE 9,12:00,Museo de Arte Contemporáneo de Madrid,2024-12-05,2025-06-01
Taller de ajedrez avanzado (Infantil-juvenil),http://www.madrid.es/sites/v/index.jsp?vgnextchannel=ca9671ee4a9eb410VgnVCM100000171f5a0aRCRD&vgnextoid=3e7958cef3391910VgnVCM2000001f4a900aRCRD,28041,PLAZA PUEBLO 2,19:00,Biblioteca Pública Municipal Gabriel García Márquez (Usera),2024-10-02,2025-06-11
Taller de ajedrez (Avanzado),http://www.madrid.es/sites/v/index.jsp?vgnextchannel=ca9671ee4a9eb410VgnVCM100000171f5a0aRCRD&vgnextoid=70bded4a8e291910VgnVCM1000001d4a900aRCRD,28022,CALLE BOLTAÑA 23,12:00,Biblioteca Pública Municipal Canillejas (San Blas-Canillejas),2024-09-27,2025-06-13
Taller de ajedrez (Avanzado),http://www.madrid.es/sites/v/index.jsp?vgnextchannel=ca9671ee4a9eb410VgnVCM100000171f5a0aRCRD&vgnextoid=5839c187df291910VgnVCM1000001d4a900aRCRD,28041,AVENIDA SAN FERMIN 10,19:00,Biblioteca Pública Municipal San Fermín (Usera),2024-09-30,2025-06-23
Taller de ajedrez (avanzado),http://www.madrid.es/sites/v/index.jsp?vgnextchannel=ca9671ee4a9eb410VgnVCM100000171f5a0aRCRD&vgnextoid=2a05eb6d989d3910VgnVCM1000001d4a900aRCRD,28025,CALLE GENERAL RICARDOS 252,18:30,Biblioteca Pública Municipal La Chata (Carabanchel),2024-10-01,2025-06-10
Taller de ajedrez (Iniciación),http://www.madrid.es/sites/v/index.jsp?vgnextchannel=ca9671ee4a9eb410VgnVCM100000171f5a0aRCRD&vgnextoid=a9a9ed4a8e291910VgnVCM1000001d4a900aRCRD,28022,CALLE BOLTAÑA 23,11:00,Biblioteca Pública Municipal Canillejas (San Blas-Canillejas),2024-09-27,2025-06-13
Taller de ajedrez (iniciación),http://www.madrid.es/sites/v/index.jsp?vgnextchannel=ca9671ee4a9eb410VgnVCM100000171f5a0aRCRD&vgnextoid=4f03eb6d989d3910VgnVCM1000001d4a900aRCRD,28025,CALLE GENERAL RICARDOS 252,17:30,Biblioteca Pública Municipal La Chata (Carabanchel),2024-10-01,2025-06-10
Taller de cine,http://www.madrid.es/sites/v/index.jsp?vgnextchannel=ca9671ee4a9eb410VgnVCM100000171f5a0aRCRD&vgnextoid=5202ddbf75b41910VgnVCM2000001f4a900aRCRD,28050,CALLE PRINCESA DE EBOLI 29,17:30,Biblioteca Pública Municipal María Lejárraga (Hortaleza),2024-10-15,2025-05-27
Taller de cine,http://www.madrid.es/sites/v/index.jsp?vgnextchannel=ca9671ee4a9eb410VgnVCM100000171f5a0aRCRD&vgnextoid=1d50ddbf75b41910VgnVCM2000001f4a900aRCRD,28017,CALLE NUESTRA SEÑORA DEL VILLAR 6,11:00,Biblioteca Pública Municipal La Elipa (Ciudad Lineal),2024-10-08,2025-05-27
Taller de cómic (Infantil),http://www.madrid.es/sites/v/index.jsp?vgnextchannel=ca9671ee4a9eb410VgnVCM100000171f5a0aRCRD&vgnextoid=fcd9ecedfd123910VgnVCM2000001f4a900aRCRD,28022,CALLE MARIA SEVILLA DIAGO 15,18:00,Biblioteca Pública Municipal José Hierro (San Blas-Canillejas),2024-11-25,2025-05-19
Taller de cómic (Infantil),http://www.madrid.es/sites/v/index.jsp?vgnextchannel=ca9671ee4a9eb410VgnVCM100000171f5a0aRCRD&vgnextoid=fbc06ac373051910VgnVCM2000001f4a900aRCRD,28053,AVENIDA GLORIETAS 19,17:30,Biblioteca Pública Municipal Pozo del Tío Raimundo (Puente de Vallecas),2024-09-30,2025-06-02
Taller de cómic (Infantil),http://www.madrid.es/sites/v/index.jsp?vgnextchannel=ca9671ee4a9eb410VgnVCM100000171f5a0aRCRD&vgnextoid=ad3087ffb3f64910VgnVCM1000001d4a900aRCRD,28030,CALLE ARROYO BELINCOSO 11,18:00,Biblioteca Pública Municipal Miguel Delibes (Moratalaz),2025-01-15,2025-05-21
Taller de cómic (Infantil),http://www.madrid.es/sites/v/index.jsp?vgnextchannel=ca9671ee4a9eb410VgnVCM100000171f5a0aRCRD&vgnextoid=5c9ec45e58724910VgnVCM2000001f4a900aRCRD,28029,PLAZA DONOSO 5,17:30,Biblioteca Pública Municipal María Zambrano (Tetuán),2025-01-08,2025-06-04
Taller de cómic (Infantil),http://www.madrid.es/sites/v/index.jsp?vgnextchannel=ca9671ee4a9eb410VgnVCM100000171f5a0aRCRD&vgnextoid=b77d6ac373051910VgnVCM2000001f4a900aRCRD,28041,PLAZA PUEBLO 2,18:00,Biblioteca Pública Municipal Gabriel García Márquez (Usera),2024-09-24,2025-06-03
Taller de cómic (juvenil),http://www.madrid.es/sites/v/index.jsp?vgnextchannel=ca9671ee4a9eb410VgnVCM100000171f5a0aRCRD&vgnextoid=fb9a63238a0b3910VgnVCM1000001d4a900aRCRD,28005,CALLE SAN JUSTO 5,12:00,Biblioteca Pública Municipal Iván de Vargas (Centro),2024-10-05,2025-06-07
Taller de creación literaria.,http://www.madrid.es/sites/v/index.jsp?vgnextchannel=ca9671ee4a9eb410VgnVCM100000171f5a0aRCRD&vgnextoid=38a2ddbf75b41910VgnVCM2000001f4a900aRCRD,28030,CALLE ARROYO BELINCOSO 11,18:30,Biblioteca Pública Municipal Miguel Delibes (Moratalaz),2024-10-01,2025-06-10
Taller de Historia de Madrid,http://www.madrid.es/sites/v/index.jsp?vgnextchannel=ca9671ee4a9eb410VgnVCM100000171f5a0aRCRD&vgnextoid=8b112bc9b3631910VgnVCM2000001f4a900aRCRD,28041,PLAZA PUEBLO 2,18:00,Biblioteca Pública Municipal Gabriel García Márquez (Usera),2024-10-02,2025-06-11
Taller de juegos (infantil),http://www.madrid.es/sites/v/index.jsp?vgnextchannel=ca9671ee4a9eb410VgnVCM100000171f5a0aRCRD&vgnextoid=3a1f32fa46a61910VgnVCM1000001d4a900aRCRD,28041,PLAZA PUEBLO 2,18:00,Biblioteca Pública Municipal Gabriel García Márquez (Usera),2024-10-17,2025-05-29
Taller de juegos (infantil),http://www.madrid.es/sites/v/index.jsp?vgnextchannel=ca9671ee4a9eb410VgnVCM100000171f5a0aRCRD&vgnextoid=3578feda9e093910VgnVCM1000001d4a900aRCRD,28037,CALLE SAN ROMAN DEL VALLE 8,18:00,Biblioteca Pública Municipal San Blas (San Blas-Canillejas),2025-01-13,2025-05-19
Taller de juegos (infantil),http://www.madrid.es/sites/v/index.jsp?vgnextchannel=ca9671ee4a9eb410VgnVCM100000171f5a0aRCRD&vgnextoid=3bce32fa46a61910VgnVCM1000001d4a900aRCRD,28032,BULEVAR INDALECIO PRIETO 21,18:00,Biblioteca Pública Municipal Francisco Ayala (Vicálvaro),2024-10-02,2025-05-28
Taller de Manualidades (infantil),http://www.madrid.es/sites/v/index.jsp?vgnextchannel=ca9671ee4a9eb410VgnVCM100000171f5a0aRCRD&vgnextoid=4a4419b794a61910VgnVCM1000001d4a900aRCRD,28022,CALLE BOLTAÑA 23,18:00,Biblioteca Pública Municipal Canillejas (San Blas-Canillejas),2024-10-02,2025-05-28
Taller de Manualidades (infantil),http://www.madrid.es/sites/v/index.jsp?vgnextchannel=ca9671ee4a9eb410VgnVCM100000171f5a0aRCRD&vgnextoid=72bc87ffb3f64910VgnVCM1000001d4a900aRCRD,28030,CALLE ARROYO BELINCOSO 11,18:00,Biblioteca Pública Municipal Miguel Delibes (Moratalaz),2025-01-16,2025-05-08
Taller de Poesía,http://www.madrid.es/sites/v/index.jsp?vgnextchannel=ca9671ee4a9eb410VgnVCM100000171f5a0aRCRD&vgnextoid=b4fc6e037df92910VgnVCM2000001f4a900aRCRD,28041,AVENIDA SAN FERMIN 10,18:00,Biblioteca Pública Municipal San Fermín (Usera),2024-10-15,2025-06-17
Taller de Poesía,http://www.madrid.es/sites/v/index.jsp?vgnextchannel=ca9671ee4a9eb410VgnVCM100000171f5a0aRCRD&vgnextoid=f0b09ab0b9c21910VgnVCM1000001d4a900aRCRD,28053,CALLE PUERTO DEL MONASTERIO 1,10:00,Biblioteca Pública Municipal Vallecas (Puente de Vallecas),2024-10-01,2025-06-10
Taller de Psicología,http://www.madrid.es/sites/v/index.jsp?vgnextchannel=ca9671ee4a9eb410VgnVCM100000171f5a0aRCRD&vgnextoid=2b0d6081f5f92910VgnVCM1000001d4a900aRCRD,28053,CALLE PUERTO DEL MONASTERIO 1,10:00,Biblioteca Pública Municipal Vallecas (Puente de Vallecas),2024-10-18,2025-06-06
Taller de Psicología,http://www.madrid.es/sites/v/index.jsp?vgnextchannel=ca9671ee4a9eb410VgnVCM100000171f5a0aRCRD&vgnextoid=9b54e902e0631910VgnVCM1000001d4a900aRCRD,28053,AVENIDA GLORIETAS 19,11:00,Biblioteca Pública Municipal Pozo del Tío Raimundo (Puente de Vallecas),2024-10-02,2025-05-28
Taller Formativo de Producción Musical,http://www.madrid.es/sites/v/index.jsp?vgnextchannel=ca9671ee4a9eb410VgnVCM100000171f5a0aRCRD&vgnextoid=51133276cdfd4910VgnVCM1000001d4a900aRCRD,,,16:30,,2025-02-10,2025-04-07
Taller 'Remedial English',http://www.madrid.es/sites/v/index.jsp?vgnextchannel=ca9671ee4a9eb410VgnVCM100000171f5a0aRCRD&vgnextoid=5d86b2481b1e1910VgnVCM2000001f4a900aRCRD,28022,CALLE MARIA SEVILLA DIAGO 15,18:00,Biblioteca Pública Municipal José Hierro (San Blas-Canillejas),2024-10-08,2025-04-29
Taller 'Remedial English',http://www.madrid.es/sites/v/index.jsp?vgnextchannel=ca9671ee4a9eb410VgnVCM100000171f5a0aRCRD&vgnextoid=9274b2481b1e1910VgnVCM2000001f4a900aRCRD,28002,CALLE MANTUANO 51,18:00,Biblioteca Pública Municipal Francisco Ibáñez (Chamartín),2024-10-08,2025-04-29
Taller 'Remedial English',http://www.madrid.es/sites/v/index.jsp?vgnextchannel=ca9671ee4a9eb410VgnVCM100000171f5a0aRCRD&vgnextoid=867b0525bf520910VgnVCM1000001d4a900aRCRD,28004,CALLE BARCELO 4,18:00,Biblioteca Pública Municipal Mario Vargas Llosa (Centro),2024-10-07,2025-04-28
Taller 'Remedial English',http://www.madrid.es/sites/v/index.jsp?vgnextchannel=ca9671ee4a9eb410VgnVCM100000171f5a0aRCRD&vgnextoid=cd6ab01c7d402910VgnVCM1000001d4a900aRCRD,28005,CALLE SAN JUSTO 5,18:00,Biblioteca Pública Municipal Iván de Vargas (Centro),2024-10-08,2025-04-29
Talleres creativos en idioma serbio,http://www.madrid.es/sites/v/index.jsp?vgnextchannel=ca9671ee4a9eb410VgnVCM100000171f5a0aRCRD&vgnextoid=394cdaa14d721910VgnVCM2000001f4a900aRCRD,28005,CALLE SAN JUSTO 5,11:00,Biblioteca Pública Municipal Iván de Vargas (Centro),2024-09-22,2025-06-22
Talleres de reflexión y meditación: la acción coherente,http://www.madrid.es/sites/v/index.jsp?vgnextchannel=ca9671ee4a9eb410VgnVCM100000171f5a0aRCRD&vgnextoid=21499827a09d2910VgnVCM1000001d4a900aRCRD,28022,CALLE BOLTAÑA 23,18:30,Biblioteca Pública Municipal Canillejas (San Blas-Canillejas),2024-11-13,2025-03-05
Talleres del Price (De 10 a 13 años),http://www.madrid.es/sites/v/index.jsp?vgnextchannel=ca9671ee4a9eb410VgnVCM100000171f5a0aRCRD&vgnextoid=02ba85a2a74d3910VgnVCM1000001d4a900aRCRD,28012,RONDA ATOCHA 35,,Teatro Circo Price,2025-01-11,2025-03-22
Talleres del Price (De 14 a 18 años),http://www.madrid.es/sites/v/index.jsp?vgnextchannel=ca9671ee4a9eb410VgnVCM100000171f5a0aRCRD&vgnextoid=4b9a85a2a74d3910VgnVCM1000001d4a900aRCRD,28012,RONDA ATOCHA 35,,Teatro Circo Price,2025-01-11,2025-03-22
Talleres del Price (de 5 y 6 años),http://www.madrid.es/sites/v/index.jsp?vgnextchannel=ca9671ee4a9eb410VgnVCM100000171f5a0aRCRD&vgnextoid=968a85a2a74d3910VgnVCM1000001d4a900aRCRD,28012,RONDA ATOCHA 35,10:00,Teatro Circo Price,2025-01-11,2025-03-22
Talleres del Price (De 7 a 9 años),http://www.madrid.es/sites/v/index.jsp?vgnextchannel=ca9671ee4a9eb410VgnVCM100000171f5a0aRCRD&vgnextoid=ed6a85a2a74d3910VgnVCM1000001d4a900aRCRD,28012,RONDA ATOCHA 35,,Teatro Circo Price,2025-01-11,2025-03-22
Talleres Infantiles de Carnaval. Centros Socioculturales de Villaverde,http://www.madrid.es/sites/v/index.jsp?vgnextchannel=ca9671ee4a9eb410VgnVCM100000171f5a0aRCRD&vgnextoid=063ebe426bef4910VgnVCM1000001d4a900aRCRD,,,11:00,,2025-03-01,2025-03-01
Tecnologías tras las exposiciones inmersivas: sentir sin tocar,http://www.madrid.es/sites/v/index.jsp?vgnextchannel=ca9671ee4a9eb410VgnVCM100000171f5a0aRCRD&vgnextoid=ab01d58d22984910VgnVCM1000001d4a900aRCRD,28041,AVENIDA SAN FERMIN 10,18:00,Biblioteca Pública Municipal San Fermín (Usera),2025-02-07,2025-06-06
Tejedoras en autonomía [Mujeres Compartiendo Sabiduría],http://www.madrid.es/sites/v/index.jsp?vgnextchannel=ca9671ee4a9eb410VgnVCM100000171f5a0aRCRD&vgnextoid=c257582a56f54910VgnVCM1000001d4a900aRCRD,28022,PLAZA EURIPIDES 1,17:00,Espacio de Igualdad Lucía Sánchez Saornil. San Blas-Canillejas,2025-01-09,2025-03-27
Tejiendo palabras,http://www.madrid.es/sites/v/index.jsp?vgnextchannel=ca9671ee4a9eb410VgnVCM100000171f5a0aRCRD&vgnextoid=1d3bbc6b7dbc4910VgnVCM1000001d4a900aRCRD,28025,CALLE GENERAL RICARDOS 252,11:00,Biblioteca Pública Municipal La Chata (Carabanchel),2025-02-04,2025-05-20
Tertulias de filosofía,http://www.madrid.es/sites/v/index.jsp?vgnextchannel=ca9671ee4a9eb410VgnVCM100000171f5a0aRCRD&vgnextoid=6626ce6dde131910VgnVCM1000001d4a900aRCRD,28053,CALLE PUERTO DEL MONASTERIO 1,10:00,Biblioteca Pública Municipal Vallecas (Puente de Vallecas),2024-10-04,2025-05-30
"Tertulias de viajes: escucha, intercambia y comparte experiencias",http://www.madrid.es/sites/v/index.jsp?vgnextchannel=ca9671ee4a9eb410VgnVCM100000171f5a0aRCRD&vgnextoid=3d7f28cb84672910VgnVCM2000001f4a900aRCRD,28017,CALLE ASCAO 4,10:30,Biblioteca Pública Municipal Pablo Neruda (Ciudad Lineal),2024-10-30,2025-05-21
Tertulias en francés,http://www.madrid.es/sites/v/index.jsp?vgnextchannel=ca9671ee4a9eb410VgnVCM100000171f5a0aRCRD&vgnextoid=f7fc27a924b41910VgnVCM2000001f4a900aRCRD,28004,CALLE BARCELO 4,19:00,Biblioteca Pública Municipal Mario Vargas Llosa (Centro),2024-09-24,2025-06-10
Tertulias en Inglés,http://www.madrid.es/sites/v/index.jsp?vgnextchannel=ca9671ee4a9eb410VgnVCM100000171f5a0aRCRD&vgnextoid=fa7248a5e0d84910VgnVCM1000001d4a900aRCRD,28019,CALLE ISAAC ALBENIZ 1,19:00,Biblioteca Pública Municipal Ana María Matute (Carabanchel),2025-01-23,2025-05-29
Tertulias en Inglés,http://www.madrid.es/sites/v/index.jsp?vgnextchannel=ca9671ee4a9eb410VgnVCM100000171f5a0aRCRD&vgnextoid=73e6dc1e00af4910VgnVCM2000001f4a900aRCRD,28031,CALLE MONTE AYA 12,19:00,Biblioteca Pública Municipal Gerardo Diego (Villa de Vallecas),2025-01-13,2025-05-26
Tertulias en Inglés,http://www.madrid.es/sites/v/index.jsp?vgnextchannel=ca9671ee4a9eb410VgnVCM100000171f5a0aRCRD&vgnextoid=6954da256dca4910VgnVCM2000001f4a900aRCRD,28002,CALLE MANTUANO 51,11:00,Biblioteca Pública Municipal Francisco Ibáñez (Chamartín),2025-01-20,2025-05-26
Tertulias en Inglés,http://www.madrid.es/sites/v/index.jsp?vgnextchannel=ca9671ee4a9eb410VgnVCM100000171f5a0aRCRD&vgnextoid=1ad33527bea41910VgnVCM1000001d4a900aRCRD,28041,AVENIDA SAN FERMIN 10,19:00,Biblioteca Pública Municipal San Fermín (Usera),2024-10-02,2025-06-18
Tertulias en Inglés,http://www.madrid.es/sites/v/index.jsp?vgnextchannel=ca9671ee4a9eb410VgnVCM100000171f5a0aRCRD&vgnextoid=ed0f5ab3b2f64910VgnVCM1000001d4a900aRCRD,28030,CALLE ARROYO BELINCOSO 11,18:30,Biblioteca Pública Municipal Miguel Delibes (Moratalaz),2025-01-17,2025-05-30
Tertulias en Inglés (infantil),http://www.madrid.es/sites/v/index.jsp?vgnextchannel=ca9671ee4a9eb410VgnVCM100000171f5a0aRCRD&vgnextoid=eec46c112bc41910VgnVCM2000001f4a900aRCRD,28053,CALLE PUERTO DEL MONASTERIO 1,18:00,Biblioteca Pública Municipal Vallecas (Puente de Vallecas),2024-09-25,2025-06-11
"Top Secret: aventuras, sueños y mentiras",http://www.madrid.es/sites/v/index.jsp?vgnextchannel=ca9671ee4a9eb410VgnVCM100000171f5a0aRCRD&vgnextoid=9afd87330c444910VgnVCM1000001d4a900aRCRD,28045,PLAZA LEGAZPI 8,,Matadero Madrid,2025-01-26,2025-03-16
Triatlón por Madrid,http://www.madrid.es/sites/v/index.jsp?vgnextchannel=ca9671ee4a9eb410VgnVCM100000171f5a0aRCRD&vgnextoid=4e703104e46fa710VgnVCM1000001d4a900aRCRD,28011,PASEO PUERTA DEL ANGEL 7,00:00,Centro Deportivo Municipal Casa de Campo,2024-09-01,2025-06-30
Triatlón por Madrid,http://www.madrid.es/sites/v/index.jsp?vgnextchannel=ca9671ee4a9eb410VgnVCM100000171f5a0aRCRD&vgnextoid=86742bbbbdc89810VgnVCM2000001f4a900aRCRD,28042,AVENIDA LOGROÑO 70,00:00,Centro Deportivo Municipal Barajas,2024-09-01,2025-06-30
Triatlón por Madrid,http://www.madrid.es/sites/v/index.jsp?vgnextchannel=ca9671ee4a9eb410VgnVCM100000171f5a0aRCRD&vgnextoid=f7df3104e46fa710VgnVCM1000001d4a900aRCRD,28031,CALLE CERRO DE ALMODOVAR 9,00:00,Centro Deportivo Municipal Cerro Almodóvar,2024-09-01,2025-06-30
Trópico sin tópico: Amazonas,http://www.madrid.es/sites/v/index.jsp?vgnextchannel=ca9671ee4a9eb410VgnVCM100000171f5a0aRCRD&vgnextoid=517b08502f864910VgnVCM1000001d4a900aRCRD,28014,PLAZA CIBELES 1,,CentroCentro,2025-02-13,2025-06-22
"Tú, yo y el mundo. La Colmena",http://www.madrid.es/sites/v/index.jsp?vgnextchannel=ca9671ee4a9eb410VgnVCM100000171f5a0aRCRD&vgnextoid=7f6402a2fa0e1910VgnVCM1000001d4a900aRCRD,28015,CALLE CONDE DUQUE 9,,Centro de Cultura Contemporánea Conde Duque,2024-10-08,2025-05-27
Una mirada a través del tiempo,http://www.madrid.es/sites/v/index.jsp?vgnextchannel=ca9671ee4a9eb410VgnVCM100000171f5a0aRCRD&vgnextoid=b2c423122abc4910VgnVCM1000001d4a900aRCRD,28022,CALLE MARIA SEVILLA DIAGO 15,,Biblioteca Pública Municipal José Hierro (San Blas-Canillejas),2025-02-03,2025-03-28
Vida del Palacio de Cibeles,http://www.madrid.es/sites/v/index.jsp?vgnextchannel=ca9671ee4a9eb410VgnVCM100000171f5a0aRCRD&vgnextoid=df2b06e5faa72910VgnVCM1000001d4a900aRCRD,28014,PLAZA CIBELES 1,,CentroCentro,2024-10-11,2025-10-13
"Villaverde Alto. Actuación Infantil, Concurso de Disfraces y Orquesta Crystal",http://www.madrid.es/sites/v/index.jsp?vgnextchannel=ca9671ee4a9eb410VgnVCM100000171f5a0aRCRD&vgnextoid=9f232e655eaf4910VgnVCM1000001d4a900aRCRD,,,19:30,,2025-03-01,2025-03-01
Villaverde Alto. Desfile de Carnaval,http://www.madrid.es/sites/v/index.jsp?vgnextchannel=ca9671ee4a9eb410VgnVCM100000171f5a0aRCRD&vgnextoid=b70838dd54af4910VgnVCM2000001f4a900aRCRD,,,18:00,,2025-03-01,2025-03-01
Villaverde Bajo. Concurso de Disfraces y Pasacalles,http://www.madrid.es/sites/v/index.jsp?vgnextchannel=ca9671ee4a9eb410VgnVCM100000171f5a0aRCRD&vgnextoid=87042e655eaf4910VgnVCM1000001d4a900aRCRD,,,17:30,,2025-03-01,2025-03-01
Visitas a Matadero,http://www.madrid.es/sites/v/index.jsp?vgnextchannel=ca9671ee4a9eb410VgnVCM100000171f5a0aRCRD&vgnextoid=0d3cc39a88fb5810VgnVCM1000001d4a900aRCRD,28045,PLAZA LEGAZPI 8,,Matadero Madrid,2024-09-09,2025-07-07
Visitas a Matadero para grupos,http://www.madrid.es/sites/v/index.jsp?vgnextchannel=ca9671ee4a9eb410VgnVCM100000171f5a0aRCRD&vgnextoid=7aee08f9be116810VgnVCM1000001d4a900aRCRD,28045,PLAZA LEGAZPI 8,,Matadero Madrid,2023-02-02,2027-02-04
Visitas dialogadas. Fuentesal Arenillas e Itziar Okariz «CARRUSEL»,http://www.madrid.es/sites/v/index.jsp?vgnextchannel=ca9671ee4a9eb410VgnVCM100000171f5a0aRCRD&vgnextoid=9b3fba93a70e4910VgnVCM1000001d4a900aRCRD,28015,CALLE CONDE DUQUE 9,,Centro de Cultura Contemporánea Conde Duque,2025-02-28,2025-05-18
Visitas guiadas a CentroCentro,http://www.madrid.es/sites/v/index.jsp?vgnextchannel=ca9671ee4a9eb410VgnVCM100000171f5a0aRCRD&vgnextoid=a9dbd981f4ab5810VgnVCM1000001d4a900aRCRD,28014,PLAZA CIBELES 1,,CentroCentro,2024-04-01,2030-01-01
Visitas guiadas a las exposiciones de CentroCentro,http://www.madrid.es/sites/v/index.jsp?vgnextchannel=ca9671ee4a9eb410VgnVCM100000171f5a0aRCRD&vgnextoid=da941a577f8f4910VgnVCM1000001d4a900aRCRD,28014,PLAZA CIBELES 1,,CentroCentro,2025-02-11,2025-06-01
Visitas guiadas con música en directo,http://www.madrid.es/sites/v/index.jsp?vgnextchannel=ca9671ee4a9eb410VgnVCM100000171f5a0aRCRD&vgnextoid=bf7c23122abc4910VgnVCM1000001d4a900aRCRD,28014,CALLE ALAMEDA 15,,Espacio Cultural Serrería Belga,2025-02-08,2025-03-09
Wikiesfera &gt; Aprendiendo a editar en Wikipedia,http://www.madrid.es/sites/v/index.jsp?vgnextchannel=ca9671ee4a9eb410VgnVCM100000171f5a0aRCRD&vgnextoid=28be106762794910VgnVCM1000001d4a900aRCRD,28045,PASEO CHOPERA 14,18:00,Medialab Matadero,2025-01-29,2025-03-27
"Y tú, ¿cómo viajas?",http://www.madrid.es/sites/v/index.jsp?vgnextchannel=ca9671ee4a9eb410VgnVCM100000171f5a0aRCRD&vgnextoid=1647417016603910VgnVCM1000001d4a900aRCRD,28037,CALLE HERMANOS GARCIA NOBLEJAS 14,10:00,Biblioteca Pública Municipal Ciudad Lineal (Ciudad Lineal),2024-12-04,2025-05-28
Yoga para el buen trato II,http://www.madrid.es/sites/v/index.jsp?vgnextchannel=ca9671ee4a9eb410VgnVCM100000171f5a0aRCRD&vgnextoid=875e1105afad4910VgnVCM2000001f4a900aRCRD,28045,PASEO CHOPERA 10,18:00,Espacio de Igualdad Juana Doña. Arganzuela,2025-02-18,2025-03-11
'Clases de árabe para niños',http://www.madrid.es/sites/v/index.jsp?vgnextchannel=ca9671ee4a9eb410VgnVCM100000171f5a0aRCRD&vgnextoid=60ceedb3e8133910VgnVCM1000001d4a900aRCRD,28041,AVENIDA SAN FERMIN 10,18:00,Biblioteca Pública Municipal San Fermín (Usera),2024-12-13,2025-05-30
'Refugiados' por Myriam Laguía,http://www.madrid.es/sites/v/index.jsp?vgnextchannel=ca9671ee4a9eb410VgnVCM100000171f5a0aRCRD&vgnextoid=239617d42cad4910VgnVCM1000001d4a900aRCRD,28019,CALLE ISAAC ALBENIZ 1,19:00,Biblioteca Pública Municipal Ana María Matute (Carabanchel),2025-02-14,2025-03-13
¡Ahora nos toca jugar! Juegos de mesa,http://www.madrid.es/sites/v/index.jsp?vgnextchannel=ca9671ee4a9eb410VgnVCM100000171f5a0aRCRD&vgnextoid=536b470052eb2910VgnVCM2000001f4a900aRCRD,28043,CALLE MATAPOZUELOS 2,11:00,Espacio de Igualdad Carme Chacón. Hortaleza,2025-01-03,2025-03-28
